No,Lv,Name,Hp,MoveSpeed,Count,CoolTime
0,1,Enemy_1,100,3,5,3
1,2,Enemy_2,120,4,6,2.7
2,3,Enemy_3,144,5,7,2.43
3,4,Enemy_4,172,6,8,2.187
4,5,Enemy_5,206,7,9,1.9683
5,6,Enemy_6,247,8,10,1.77147
6,7,Enemy_7,296,9,11,1.594323
